{
    "defaults":
    {
        "colours":
        {
            "normal_bg": "#4C5052",
            "hovered_bg": "#63686B",
            "disabled_bg": "#cb6e61",
            "selected_bg": "#551A8B",
            "dark_bg": "#21282D",
            "disabled_dark_bg": "#db6671",
            "normal_text": "#eeeeee",
            "hovered_text": "#eeeeee",
            "selected_text": "#eeeeee",
            "disabled_text": "#eeeeee",
            "link_text": "#eeeeee",
            "link_hover": "#2020FF",
            "link_selected": "#551A8B",
            "text_shadow": "#777777",
            "normal_border": "#585C5E",
            "hovered_border": "#585C5E",
            "disabled_border": "#585C5E",
            "selected_border": "#585C5E",
            "filled_bar": "#444444",
            "unfilled_bar": "#CCCCCC"
        }
    },
    "dummy_load_montserrat": {
        "font": {
            "name": "montserrat",
            "size": "12",
            "regular_path": "./Montserrat-Regular.ttf"
        }
    },
    "dummy_load_montserrat14": {
        "font": {
            "name": "montserrat",
            "size": "14",
            "regular_path": "./Montserrat-Regular.ttf"
        }
    },
    "dummy_load_montserrat32": {
        "font": {
            "name": "montserrat",
            "size": "32",
            "regular_path": "./Montserrat-Regular.ttf"
        }
    },
    "dummy_load_roboto": {
        "font": {
            "name": "roboto",
            "size": "12",
            "regular_path": "./Roboto-Regular.ttf"
        }
    },
    "dummy_load_roboto14": {
        "font": {
            "name": "roboto",
            "size": "18",
            "regular_path": "./Roboto-Regular.ttf"
        }
    },
    "dummy_load_roboto32": {
        "font": {
            "name": "roboto",
            "size": "32",
            "regular_path": "./Roboto-Regular.ttf"
        }
    },

    "#everything_button":
    {
        "colours":
        {
            "normal_border": "#585C5E",
            "normal_text": "#FFFFFF"
        },
        "misc":
        {
            "shape": "rounded_rectangle",
            "text_horiz_alignment_padding": "0.5",
            "shape_corner_radius": "2",
            "border_width": "1"
        }
    },

    "text_box":
    {
        "colours":
        {
            "regular_text": "#EEEEEE"
        },
        "misc":
        {
            "shape": "rounded_rectangle",
            "shape_corner_radius": "10",
            "border_width": "1",
            "padding": "1,1",
            "link_normal_underline": "0",
            "link_hover_underline": "0"

        }
    },
    "text_box.vertical_scroll_bar":
    {
        "misc":
        {
            "shape": "rounded_rectangle",
            "shape_corner_radius": "9"
        }
    },
    "text_box.vertical_scroll_bar.button":
    {
        "misc":
        {
            "shape": "rounded_rectangle",
            "shape_corner_radius": "7"
        }
    },
    
    "#main_text_entry":
    {
        "colours":
        {
            "normal_border": "#585C5E",
            "normal_text": "#FFFFFF"
        },
        "misc":
        {
            "shape": "rounded_rectangle",
            "shape_corner_radius": 5,
            "border_width": "1",
            "padding": "4,1"
        }
    },
    
    "text_entry_line":
    {
        "colours":
        {
            "selected_bg": "#fb0091A0,#20fdA0A0,0",
            "normal_text": "#FFFFFF,#FFA0A0,90",
            "selected_text": "#FFFFFF,#A0A0FF,90"
        },
        "misc":
        {
            "shape": "rounded_rectangle",
            "shape_corner_radius": "10",
            "border_width": "1",
            "padding": "2,2"
        }
    },

    "#drop_down_shape_prototype":
    {
        "misc":
        {
            "shape": "rounded_rectangle",
            "shape_corner_radius": "4"
        }
    },

    "drop_down_serial":
    {
        "prototype": "#drop_down_shape_prototype",

        "colours":
        {
            "dark_bg": "#fb9e91",
            "normal_border": "#585C5E,#FFB0FF,0",
            "normal_text": "#FFFFFF,#BBBBBB,90"
        },
        "misc":
        {
            "shadow_width": "2",
            "border_width": "1",
            "expand_direction": "down"
        }
    },

    "drop_down_serial.#drop_down_options_list":
    {
        "prototype": "#drop_down_shape_prototype",

        "misc":
        {
            "shadow_width": "2",
            "border_width": "1"
        }
    },

    "drop_down_serial.#drop_down_options_list.vertical_scroll_bar":
    {
        "misc":
        {
            "shadow_width": "0",
            "border_width": "1",
            "enable_arrow_buttons": "0"
        }
    },

    "drop_down_serial.#drop_down_options_list.button":
    {
        "prototype": "#drop_down_shape_prototype",

        "misc":
        {
            "shadow_width": "0",
            "border_width": "0",

            "state_transitions":
            {
                "normal_hovered": "0.2",
                "hovered_normal": "0.5"
            }
        }
    },

    "drop_down_serial.button":
    {
        "prototype": "#drop_down_shape_prototype",

        "misc":
        {
            "shadow_width": "0",
            "border_width": "0",
            "state_transitions":
            {
                "normal_hovered": "0.2",
                "hovered_normal": "0.5"
            }
        }
    }
}
